{
	"info": {
		"_postman_id": "07c150bc-7746-4fd1-87a1-84958a94d0c1",
		"name": "Interview Task",
		"schema": "https://schema.getpostman.com/json/collection/v2.1.0/collection.json",
		"_exporter_id": "14365184"
	},
	"item": [
		{
			"name": "Register device",
			"request": {
				"method": "POST",
				"header": [],
				"body": {
					"mode": "raw",
					"raw": "{\r\n  \"deviceId\": \"NW-H-20-0018\",\r\n  \"activationCode\": \"XB67FGC2561XDFG2\"\r\n}",
					"options": {
						"raw": {
							"language": "json"
						}
					}
				},
				"url": {
					"raw": "http://127.0.0.1:8000/api/device/register",
					"protocol": "http",
					"host": [
						"127",
						"0",
						"0",
						"1"
					],
					"port": "8000",
					"path": [
						"api",
						"device",
						"register"
					]
				}
			},
			"response": []
		},
		{
			"name": "Retrieve device information",
			"request": {
				"method": "GET",
				"header": [
					{
						"key": "X-API-KEY",
						"value": "vaE00avc3DlwHsqgTJHJmJ3a2vcpsAS0",
						"type": "text"
					}
				],
				"url": {
					"raw": "http://127.0.0.1:8000/device/info/NW-H-20-0017",
					"protocol": "http",
					"host": [
						"127",
						"0",
						"0",
						"1"
					],
					"port": "8000",
					"path": [
						"device",
						"info",
						"NW-H-20-0017"
					],
					"query": [
						{
							"key": "X-API-KEY",
							"value": "DoqtBZ0i3WubRCaS9VnIduzWpwIaBPfb",
							"disabled": true
						}
					]
				}
			},
			"response": []
		},
		{
			"name": "Device Leasing",
			"request": {
				"method": "POST",
				"header": [
					{
						"key": "X-API-KEY",
						"value": "clrTDAx85O4h9JkxBBqQa8C1VXf0ocg6",
						"type": "text"
					}
				],
				"body": {
					"mode": "raw",
					"raw": "{\r\n    \"deviceId\" : \"NW-H-20-0018\",\r\n    \"leaseConstructionId\" : 28524621,\r\n    \"leaseMaxTraining\" : null,\r\n    \"leaseMaxDate\" : \"2021-06-01\",\r\n    \"leaseActualStartDate\" : \"2021-12-01\",\r\n    \"leaseNextCheck\" : \"2021-12-01 17:30:00\"\r\n}",
					"options": {
						"raw": {
							"language": "json"
						}
					}
				},
				"url": {
					"raw": "http://127.0.0.1:8000/api/device/device_leasing",
					"protocol": "http",
					"host": [
						"127",
						"0",
						"0",
						"1"
					],
					"port": "8000",
					"path": [
						"api",
						"device",
						"device_leasing"
					]
				}
			},
			"response": []
		},
		{
			"name": "Device Leasing",
			"request": {
				"method": "GET",
				"header": [
					{
						"key": "X-API-KEY",
						"value": "qXoAuRaw3oyTQVlOa4yB0SskXLQexFxf",
						"type": "text"
					},
					{
						"key": "appVersion",
						"value": "v1.0",
						"type": "text",
						"disabled": true
					},
					{
						"key": "Content-Type",
						"value": "application/json",
						"type": "text",
						"disabled": true
					},
					{
						"key": "Accept",
						"value": "application/json",
						"type": "text",
						"disabled": true
					}
				],
				"url": {
					"raw": "http://127.0.0.1:8000/leasing/update/28524616",
					"protocol": "http",
					"host": [
						"127",
						"0",
						"0",
						"1"
					],
					"port": "8000",
					"path": [
						"leasing",
						"update",
						"28524616"
					]
				}
			},
			"response": []
		}
	]
}